{"cameraMode":{"drawMode":0,"name":"Shaded","section":"Shading Mode"},"sceneLighting":false,"audioPlay":false,"sceneViewState":{"m_AlwaysRefresh":false,"showFog":true,"showSkybox":false,"showFlares":true,"showImageEffects":true,"showParticleSystems":true,"showVisualEffectGraphs":true,"m_FxEnabled":true},"in2DMode":false,"pivot":{"x":-1.8061838150024415,"y":0.23912018537521363,"z":-0.22683297097682954},"rotation":{"x":-0.11140631884336472,"y":-0.1002839058637619,"z":0.011299772188067437,"w":-0.9886572957038879},"size":1.831312656402588,"orthographic":false}